"","time","country","reported_cases","reported_cases_c","predicted_cases_c","predicted_min_c","predicted_max_c","predicted_cases","predicted_min","predicted_max","predicted_min2","predicted_max2","deaths","deaths_c","estimated_deaths_c","death_min_c","death_max_c","estimated_deaths","death_min","death_max","death_min2","death_max2","rt","rt_min","rt_max","rt_min2","rt_max2"
"1",2020-02-21,"Portugal",0,0,98.7978082396484,20.3409599823144,276.053851639265,98.7978082396484,20.3409599823144,276.053851639265,52.4288727250499,127.142462288721,0,0,1e-09,1e-09,1e-09,1e-09,1e-09,1e-09,1e-09,1e-09,3.62811834613622,2.56110317917102,5.18012049507546,3.13923968337994,4.0716141859096
"2",2020-02-22,"Portugal",0,0,197.595616479297,40.6819199646288,552.107703278529,98.7978082396484,20.3409599823144,276.053851639265,52.4288727250499,127.142462288721,0,0,2.56318283976374e-06,5.28514319797349e-07,7.16007016687203e-06,2.56218283976374e-06,5.27514319797349e-07,7.15907016687203e-06,1.35966941370235e-06,3.29726176001078e-06,3.62811834613622,2.56110317917102,5.18012049507546,3.13923968337994,4.0716141859096
"3",2020-02-23,"Portugal",0,0,296.393424718945,61.0228799469432,828.161554917794,98.7978082396484,20.3409599823144,276.053851639265,52.4288727250499,127.142462288721,0,0,3.47734813967937e-05,7.16012291153545e-06,9.7159809407549e-05,3.22102985570299e-05,6.6316085917381e-06,8.9999739240677e-05,1.70929869151153e-05,4.14512906972784e-05,3.62811834613622,2.56110317917102,5.18012049507546,3.13923968337994,4.0716141859096
"4",2020-02-24,"Portugal",0,0,395.191232958593,81.3638399292576,1104.21540655706,98.7978082396484,20.3409599823144,276.053851639265,52.4288727250499,127.142462288721,0,0,0.000231146494758686,4.75903275645751e-05,0.000645851401482813,0.000196373013361893,4.04302046530397e-05,0.000548691592075264,0.000104208948635902,0.000252711562035112,3.62811834613622,2.56110317917102,5.18012049507546,3.13923968337994,4.0716141859096
"5",2020-02-25,"Portugal",0,0,493.989041198242,101.704799911572,1380.26925819632,98.7978082396484,20.3409599823144,276.053851639265,52.4288727250499,127.142462288721,0,0,0.00101425937842648,0.000208821311451208,0.00283397006177177,0.00078311288366779,0.000161230983886633,0.00218811866028896,0.000415573244373741,0.00100778450507758,3.62811834613622,2.56110317917102,5.18012049507546,3.13923968337994,4.0716141859096
"6",2020-02-26,"Portugal",0,0,592.78684943789,122.045759893886,1656.32310983559,98.7978082396484,20.3409599823144,276.053851639265,52.4288727250499,127.142462288721,0,0,0.00321755360756331,0.000662445946882656,0.00899025904312694,0.00220329422913684,0.000453624635431449,0.00615628898135517,0.00116921857654019,0.00283540959491212,3.62811834613622,2.56110317917102,5.18012049507546,3.13923968337994,4.0716141859096
"7",2020-02-27,"Portugal",0,0,764.1920458364,173.976794540502,2030.80081682207,171.40519639851,51.9310346466152,374.477706986487,110.858408599263,213.614234172461,0,0,0.00826432174965796,0.00170149843850635,0.0230915818232457,0.00504676814209464,0.00103905249162369,0.0141013227801188,0.00267816026801829,0.00649466359243266,3.62811834613622,2.56110317917102,5.18012049507546,3.13923968337994,4.0716141859096
"8",2020-02-28,"Portugal",0,0,971.178378627637,238.057179581423,2477.5144164447,206.986332791237,64.0803850409211,446.713599622622,134.636468800797,258.14864799372,0,0,0.0182083892042028,0.00374926164165173,0.0508738673785327,0.0099440674545448,0.00204776320314538,0.027782285555287,0.00527761294228231,0.0127967165110107,3.62811834613622,2.56110317917102,5.18012049507546,3.13923968337994,4.0716141859096
"9",2020-02-29,"Portugal",0,0,1223.3362538478,321.70876196737,3001.48935009577,252.157875220161,83.6515823859476,523.974933651076,168.295909371678,313.273063520293,0,0,0.0358260290422846,0.00738201518729758,0.100064867401468,0.0176176398380818,0.00363275354564584,0.0491910000229356,0.00935697044670697,0.0226687168449173,3.62811834613622,2.56110317917102,5.18012049507546,3.13923968337994,4.0716141859096
"10",2020-03-01,"Portugal",0,0,1533.56695356716,434.018370790134,3613.89578994493,310.230699719365,112.309608822764,612.406439849157,218.05007918687,384.648684937754,0,0,0.064510826788939,0.0133226794623552,0.179994868206528,0.0286847977466544,0.00594066427505765,0.0799300008050602,0.0152713551044114,0.036893266302097,3.62811834613622,2.56110317917102,5.18012049507546,3.13923968337994,4.0716141859096
"11",2020-03-02,"Portugal",2,2,1917.10636717413,585.742225334971,4329.83407730079,383.539413606973,151.723854544837,715.938287355858,283.064280352504,479.312262450275,0,0,0.108334732389261,0.0224904304261269,0.301539330660854,0.043823905600322,0.00916775096377163,0.121544462454326,0.0234600143680993,0.0563089848438811,3.62811834613622,2.56110317917102,5.18012049507546,3.13923968337994,4.0716141859096
"12",2020-03-03,"Portugal",2,4,2392.37539806389,788.324487265029,5169.03765155471,475.26903088976,202.582261930058,839.203574253921,362.666661629051,588.157149650956,0,0,0.172039572699774,0.0360406736263715,0.476853986961523,0.0637048403105129,0.0135502432002447,0.175314656300669,0.0344648065126635,0.0817175595408549,3.62811834613622,2.56110317917102,5.18012049507546,3.13923968337994,4.0716141859096
"13",2020-03-04,"Portugal",2,6,2982.20423171818,1056.9096028756,6142.62499905756,589.828833654289,268.585115610575,973.587347502855,469.900461737265,715.986792108339,0,0,0.26125190406325,0.0554820671359435,0.719571971320835,0.0892123313634761,0.019441393509572,0.242717984359312,0.0489389861488224,0.114151153311824,3.62811834613622,2.56110317917102,5.18012049507546,3.13923968337994,4.0716141859096
"14",2020-03-05,"Portugal",1,7,3715.2032708482,1407.97927771901,7272.50184145356,732.99903913002,351.069674843404,1129.876842396,597.650090925747,873.233028912923,0,0,0.382718685363275,0.08280767628999,1.04505348670876,0.121466781300025,0.0273256091540465,0.325481515387922,0.0678309169985835,0.154891279121724,3.62811834613622,2.56110317917102,5.18012049507546,3.13923968337994,4.0716141859096
"15",2020-03-06,"Portugal",4,11,4627.37045413446,1873.12781225066,8627.51173810867,912.167183286256,465.148534531651,1355.0098966551,752.304434810024,1068.92541146307,0,0,0.54459458589246,0.120684064118197,1.4705693261224,0.161875900529185,0.0378763878282068,0.425515839413643,0.092408176553066,0.205503955328738,3.62811834613622,2.56110317917102,5.18012049507546,3.13923968337994,4.0716141859096
"16",2020-03-07,"Portugal",4,15,5764.07937392178,2489.16443136335,10246.6998969219,1136.70891978732,616.036619112687,1619.18815881324,970.913124924026,1323.6504787271,0,0,0.756404579546216,0.172587054119222,2.01462110601609,0.211809993653756,0.0519029900010256,0.544051779893693,0.122536288513545,0.267410087010904,3.62811834613622,2.56110317917102,5.18012049507546,3.13923968337994,4.0716141859096
"17",2020-03-08,"Portugal",8,23,7182.59767395842,3294.12222315726,12181.555172219,1418.51830003664,804.95779179391,1934.8552752971,1249.63277536728,1620.98849665821,0,0,1.02988064673419,0.24319148612762,2.69842286290934,0.273476067187969,0.0706044320083975,0.683801756893246,0.161331856257672,0.344311033901606,3.62811834613622,2.56110317917102,5.18012049507546,3.13923968337994,4.0716141859096
"18",2020-03-09,"Portugal",9,32,8955.30108608671,4319.44232371113,14541.2041073245,1772.70341212829,1025.32010055388,2359.64893510546,1594.35694305393,2013.13906489172,0,0,1.3791851846366,0.338699881129839,3.54551701264824,0.349304537902415,0.0955083950022193,0.847094149738907,0.21073039954374,0.438018864143745,3.62811834613622,2.56110317917102,5.18012049507546,3.13923968337994,4.0716141859096
"19",2020-03-10,"Portugal",9,41,11173.7846464264,5692.11906294647,17502.08794524,2218.48356033971,1372.67673923534,2960.88383791551,1952.74540764532,2492.44009642115,0,0,1.82170933951894,0.467566967071285,4.58286929267005,0.442524154882342,0.128867085941446,1.0373522800218,0.275713513470053,0.55167437450128,3.62811834613622,2.56110317917102,5.18012049507546,3.13923968337994,4.0716141859096
"20",2020-03-11,"Portugal",2,43,13954.1281264318,7537.81348488401,21241.1110231543,2780.34348000534,1845.69442193754,3739.02307791435,2424.05674641834,3109.90547228385,0,0,2.37917423656101,0.641975705623977,5.84188797856869,0.557464897042069,0.174408738552692,1.25901868589864,0.356018302159835,0.688288964952667,3.62811834613622,2.56110317917102,5.18012049507546,3.13923968337994,4.0716141859096
"21",2020-03-12,"Portugal",18,61,17012.0428791175,9655.41808594249,25385.8438132733,3057.91475268573,2117.60460105848,4144.73279011895,2728.12218097012,3363.79594757671,0,0,3.07845746581886,0.878084598098472,7.3584104168705,0.699283229257849,0.236108892474495,1.51652243830181,0.461286778319408,0.862170636733279,3.21450945738797,2.06075673099174,4.73803598256972,2.75924969357394,3.53040285143973
"22",2020-03-13,"Portugal",19,80,20828.6958213051,12371.0323514421,30690.4555073923,3816.65294218765,2715.61426549959,5304.61169411907,3384.8029808759,4268.87265861024,0,0,3.95289030481622,1.19741276630264,9.1738561813912,0.874432838997357,0.319328168204163,1.81544576452071,0.603963323733074,1.07009598033933,3.21450945738797,2.06075673099174,4.73803598256972,2.75924969357394,3.53040285143973
"23",2020-03-14,"Portugal",34,114,24839.5253950561,15164.6869517339,36192.7160210638,4010.829573751,2793.65460029187,5502.26051367145,3434.76095417506,4459.82690808329,0,0,5.04407409218193,1.62525623209873,11.3363073580784,1.09118378736571,0.42784346579609,2.16245117668724,0.786685757393977,1.36508872387038,2.76501621668865,1.70081445609607,4.31813073785582,2.33683836825293,3.14196610876855
"24",2020-03-15,"Portugal",57,171,29332.2635570619,18360.8719382208,42203.2122105251,4492.73816200574,3196.18498648684,6010.4961894613,3939.69968649358,4983.61983865947,0,0,6.40373862083221,2.19469427003814,13.9017014823933,1.35966452865029,0.569438037939413,2.56539412431489,1.02262825597538,1.6858376749322,2.54910346926304,1.6402362908522,3.84428977754778,2.08920620705912,2.94763090836061
"25",2020-03-16,"Portugal",76,247,34719.7559209504,21886.0860866539,50177.0189327059,5387.49236388852,3525.21414843308,7973.80672218076,4685.80305903744,5969.27273365951,0,0,8.09493914119881,2.9428889250166,16.9325088076503,1.6912005203666,0.748194654978459,3.03080732525696,1.30622368918366,2.06262364040165,2.54910346926304,1.6402362908522,3.84428977754778,2.08920620705912,2.94763090836061
"26",2020-03-17,"Portugal",86,333,41100.4450361319,25839.5081853414,60236.4682027249,6380.68911518152,3953.42209868752,10059.449270019,5423.30135952325,7154.88586264497,0,0,10.1943544410118,3.92355201703077,20.5161058190982,2.09941529981299,0.980663092014169,3.58359701144794,1.67479450660492,2.50899558889082,2.54910346926304,1.6402362908522,3.84428977754778,2.08920620705912,2.94763090836061
"27",2020-03-18,"Portugal",117,450,48624.7843236531,30325.7788350751,72806.9313909526,7524.33928752119,4486.27064973369,12570.4631882277,6134.18026296277,8585.17698941092,1,1,12.7919948107867,5.21514612176575,24.730176205829,2.59764036977489,1.29159410473498,4.21407038673072,2.10028089977042,3.07556610489336,2.54910346926304,1.6402362908522,3.84428977754778,2.08920620705912,2.94763090836061
"28",2020-03-19,"Portugal",194,644,57498.290696415,35400.6436366543,88361.2343557548,8873.50637276185,5074.86480157918,15554.3029648022,6869.13019895783,10090.7473028664,1,2,15.9933827836304,6.90863666296836,29.6325480972443,3.20138797284371,1.69349054120261,4.90237189141536,2.62341168558979,3.72740575853899,2.54910346926304,1.6402362908522,3.84428977754778,2.08920620705912,2.94763090836061
"29",2020-03-20,"Portugal",143,787,61480.2154952154,37004.0201964193,95108.4087781655,3981.92479880042,1603.37655976506,6747.1744224107,3085.16361386017,4790.24435145419,1,3,19.9197418446964,9.11864653676528,35.3173676356248,3.92635906106596,2.21000987379692,5.68481953838044,3.32190376754686,4.48858752865153,1.00815711131608,0.360966907474724,1.62732637842482,0.797819288233162,1.21050099305492
"30",2020-03-21,"Portugal",235,1022,66018.1786051214,38833.0124103914,103029.604516671,4537.96310990605,1828.9922139721,7921.19573850588,3462.92156879104,5460.55755091961,3,6,24.7099678463964,11.9138065610949,41.9095428615232,4.79022600170006,2.79516002432963,6.59217522589847,4.15966711959237,5.44580472148822,1.00815711131608,0.360966907474724,1.62732637842482,0.797819288233162,1.21050099305492
"31",2020-03-22,"Portugal",260,1282,70935.1219291269,40746.8409749229,111878.326758003,4916.94332400548,1913.82856453153,8848.72224133172,3714.34920000009,5933.56236717416,6,12,30.5209479502506,15.5936348543046,49.6568009921121,5.8109801038542,3.67982829320968,7.74725813058884,5.1767711498752,6.51372258493749,1.00815711131608,0.360966907474724,1.62732637842482,0.797819288233162,1.21050099305492
"32",2020-03-23,"Portugal",320,1602,76084.8860546915,42624.7687853706,121547.282968513,5149.76412556459,1877.92781044769,9668.95621050942,3767.80926294093,6330.82254934719,2,14,37.5258247443174,20.268527754394,58.7168661507004,7.00487679406678,4.67489290008942,9.06006515858831,6.1822446121879,7.80415134649092,1.00815711131608,0.360966907474724,1.62732637842482,0.797819288233162,1.21050099305492
"33",2020-03-24,"Portugal",460,2062,81384.2163015886,44392.4775818704,132005.275401225,5299.3302468971,1767.7087964998,10457.9924327123,3719.46955975379,6608.92745666305,9,23,45.9040500647695,26.1326945064866,69.2959778374499,8.37822532045205,5.86416675209257,10.5791116867495,7.57150693091431,9.2314559248454,1.00815711131608,0.360966907474724,1.62732637842482,0.797819288233162,1.21050099305492
"34",2020-03-25,"Portugal",302,2364,86796.1277389694,46013.5660529637,143274.108154305,5411.91143738084,1621.08847109325,11268.83275308,3604.61113144166,6790.83196899058,10,33,55.8352343200885,33.4412735841361,81.6838312112422,9.93118425531904,7.30857907764953,12.3878533737924,9.02649005622265,10.9507469639853,1.00815711131608,0.360966907474724,1.62732637842482,0.797819288233162,1.21050099305492
"35",2020-03-26,"Portugal",633,2997,92310.6338367709,47476.6241775913,155405.658965642,5514.50609780142,1463.05812462764,12131.5508113375,3519.75647371178,6922.21276662575,10,43,67.485657539135,42.2472640687951,96.2827550300648,11.6504232190465,8.80599048465895,14.5989238188226,10.7322802695327,12.9232818619589,1.00815711131608,0.360966907474724,1.62732637842482,0.797819288233162,1.21050099305492
"36",2020-03-27,"Portugal",549,3546,97931.5981698474,48784.400779944,168423.008941297,5620.96433307652,1307.77660235263,13017.3499756544,3462.89355446284,6970.24965949766,17,60,81.0019315691715,52.7749646931925,113.262636925831,13.5162740300365,10.5277006243974,16.9798818957661,12.4477631188021,14.7381772652968,1.00815711131608,0.360966907474724,1.62732637842482,0.797819288233162,1.21050099305492
"37",2020-03-28,"Portugal",724,4270,103669.365955854,49946.8983416665,182425.082434586,5737.76778600656,1162.49756172253,14002.0734932894,3407.83674792957,7179.45953156509,16,76,96.4979536609395,65.1031186039666,132.734575144422,15.496022091768,12.3281539107741,19.4719382185912,14.2328602946701,16.9417119043763,1.00815711131608,0.360966907474724,1.62732637842482,0.797819288233162,1.21050099305492
"38",2020-03-29,"Portugal",902,5172,109537.148310608,50977.0888285493,197524.640756728,5867.78235475387,1030.19048688285,15099.5583221421,3353.56178548699,7449.07539845693,24,100,114.059691975092,79.0056227188253,155.220096637865,17.5617383141524,13.9025041148587,22.4855214934424,15.9959803021005,19.0658300978721,1.00815711131608,0.360966907474724,1.62732637842482,0.797819288233162,1.21050099305492
"39",2020-03-30,"Portugal",792,5964,115549.463695465,51888.5797704854,213808.735726879,6012.31538485767,911.490941936086,16284.0949701512,3300.52392779695,7800.51966262982,19,119,133.741019583949,94.6289933834905,180.844988542187,19.6813276088571,15.6233706646652,25.6248919043227,17.6673851236039,21.2684042416664,1.00815711131608,0.360966907474724,1.62732637842482,0.797819288233162,1.21050099305492
"40",2020-03-31,"Portugal",446,6410,121721.580630052,52694.4452580378,231370.865020674,6172.1169345869,805.865487552371,17562.1292937945,3248.76903314069,8169.49703293062,21,140,155.567826332741,111.835247169092,209.641588022665,21.8268067487916,17.2062537856018,28.7965994804777,19.3130812552031,23.5318156738947,1.00815711131608,0.360966907474724,1.62732637842482,0.797819288233162,1.21050099305492
"41",2020-04-01,"Portugal",1035,7445,128069.397296455,53406.7169979156,250248.849558204,6347.81666640247,712.271739877806,18877.9845375305,3196.75585089552,8526.94693277138,20,160,179.538336328243,130.455477290945,241.937539877074,23.9705099955022,18.6202301218531,32.2959518544086,21.1057829642691,26.1667366069952,1.00815711131608,0.360966907474724,1.62732637842482,0.797819288233162,1.21050099305492
"42",2020-04-02,"Portugal",808,8253,134609.489276253,54036.2244494929,270449.438941568,6540.091979798,629.507451577326,20200.5893833635,3112.13443458545,8900.27583619331,27,187,205.619979943029,150.150376885682,277.235125884262,26.0816436147864,19.6948995947361,35.2975860071885,23.1430613609448,28.3983785800112,1.00815711131608,0.360966907474724,1.62732637842482,0.797819288233162,1.21050099305492
"43",2020-04-03,"Portugal",783,9036,141359.211187744,54592.6054686808,292066.044955127,6749.72191149124,556.381019187871,21616.6060135587,3044.6037611079,9288.41166788164,22,209,233.755500602973,170.985120259856,315.522872126045,28.1355206599439,20.834743374175,38.2877462417827,24.7257937905439,30.7088429388227,1.00815711131608,0.360966907474724,1.62732637842482,0.797819288233162,1.21050099305492
"44",2020-04-04,"Portugal",852,9888,148336.810267389,55084.3909708141,315198.693061477,6977.59907964502,491.785502133342,23132.6481063507,2979.0789720036,9667.04502026886,37,246,263.885986291589,192.897065005473,357.182030120653,30.130485688616,21.911944745617,41.6591579946081,26.1064729946367,33.1488517665861,1.00815711131608,0.360966907474724,1.62732637842482,0.797819288233162,1.21050099305492
"45",2020-02-09,"Spain",0,0,90.4902946518672,18.8473137866406,215.138604386506,90.4902946518672,18.8473137866406,215.138604386506,50.3056950895841,115.254082233836,0,0,1e-09,1e-09,1e-09,1e-09,1e-09,1e-09,1e-09,1e-09,4.64075911661642,3.75862044674983,5.7851096199089,4.25140869953541,4.98309463571787
"46",2020-02-10,"Spain",1,1,180.980589303734,37.6946275732812,430.277208773012,90.4902946518672,18.8473137866406,215.138604386506,50.3056950895841,115.254082233836,0,0,1.00674533087871e-06,2.10476584350238e-07,2.39213650459338e-06,1.00574533087871e-06,2.09476584350238e-07,2.39113650459338e-06,5.59117617503673e-07,1.28097997157974e-06,4.64075911661642,3.75862044674983,5.7851096199089,4.25140869953541,4.98309463571787
"47",2020-02-11,"Spain",0,1,271.470883955601,56.5419413599218,645.415813159518,90.4902946518672,18.8473137866406,215.138604386506,50.3056950895841,115.254082233836,0,0,2.74913723773515e-05,5.72669330557318e-06,6.53587311255524e-05,2.64846270464728e-05,5.51621672122294e-06,6.2966594620959e-05,1.47234305942634e-05,3.37324725849332e-05,4.64075911661642,3.75862044674983,5.7851096199089,4.25140869953541,4.98309463571787
"48",2020-02-12,"Spain",0,1,361.961178607469,75.3892551465624,860.554417546024,90.4902946518672,18.8473137866406,215.138604386506,50.3056950895841,115.254082233836,0,0,0.000211542767928156,4.40609082416668e-05,0.000502936711466141,0.000184051395550804,3.83342149360936e-05,0.000437577980340589,0.000102318524003172,0.000234419334799093,4.64075911661642,3.75862044674983,5.7851096199089,4.25140869953541,4.98309463571787
"49",2020-02-13,"Spain",0,1,452.451473259336,94.236568933203,1075.69302193253,90.4902946518672,18.8473137866406,215.138604386506,50.3056950895841,115.254082233836,0,0,0.000937020399935334,0.000195163351086305,0.0022277431767795,0.000725477632007178,0.000151102442844639,0.00172480646531336,0.000403310174759316,0.000924013552832854,4.64075911661642,3.75862044674983,5.7851096199089,4.25140869953541,4.98309463571787
"50",2020-02-14,"Spain",0,1,542.941767911203,113.083882719844,1290.83162631904,90.4902946518672,18.8473137866406,215.138604386506,50.3056950895841,115.254082233836,0,0,0.00296326199321231,0.000617188843023919,0.00704508618803363,0.00202624159327698,0.000422025491937613,0.00481734301125413,0.00112643562673073,0.00258074764940932,4.64075911661642,3.75862044674983,5.7851096199089,4.25140869953541,4.98309463571787
"51",2020-02-15,"Spain",0,1,751.915271573063,170.998674084257,1728.16466502624,208.97350366186,57.9147913644134,437.333038707204,134.05039415254,264.885424635834,0,0,0.00758013593461104,0.00157879110348369,0.0180215983123695,0.00461687394139873,0.000961602260459769,0.0109765121243359,0.00256662942315061,0.00588033855953681,4.64075911661642,3.75862044674983,5.7851096199089,4.25140869953541,4.98309463571787
"52",2020-02-16,"Spain",0,1,1008.2266202199,243.498553596161,2259.97470189389,256.311348646834,72.4998795119035,531.810036867654,165.969704899043,324.834352196912,0,0,0.0167059096945646,0.00347966671380996,0.039717255285363,0.00912577375995352,0.00190087561032627,0.0216956569729935,0.00507343217061576,0.0116231605402626,4.64075911661642,3.75862044674983,5.7851096199089,4.25140869953541,4.98309463571787
"53",2020-02-17,"Spain",0,1,1335.12557513911,341.370256290953,2921.43265004327,326.898954919211,97.8717026947921,661.457948149375,217.479491256196,413.654775921414,0,0,0.0328234841105514,0.00684089837844963,0.0780188053064933,0.0161175744159868,0.00336123166463967,0.0383015500211302,0.00896543485466063,0.0205285047401509,4.64075911661642,3.75862044674983,5.7851096199089,4.25140869953541,4.98309463571787
"54",2020-02-18,"Spain",0,1,1761.21696930132,477.728952239318,3756.92260933058,426.091394162214,136.358695948365,835.489959287312,292.74747653015,534.285363627087,0,0,0.05919027090173,0.0123633409236937,0.140578512730941,0.0263667867911786,0.00552244254524405,0.0625597074244475,0.0146960411171776,0.0335834458845055,4.64075911661642,3.75862044674983,5.7851096199089,4.25140869953541,4.98309463571787
"55",2020-02-19,"Spain",0,1,2320.21258918184,668.811314968771,4817.77713664464,558.995619880514,191.082362729453,1060.85452731406,393.055749353814,699.414455106773,0,0,0.0997642289115668,0.0209423809525998,0.236516565652106,0.0405739580098368,0.00857904002890609,0.0959380529211658,0.0227143773148,0.0516814360284876,4.64075911661642,3.75862044674983,5.7851096199089,4.25140869953541,4.98309463571787
"56",2020-02-20,"Spain",0,1,3054.61368875527,936.547196201455,6166.2415590484,734.401099573434,267.735881232684,1348.46442240375,532.397326759358,912.061788457897,0,0,0.159510360647892,0.0337736215280914,0.376987802358038,0.0597461317363253,0.0128312405754916,0.140471236705932,0.0336895840253791,0.0761058375722008,4.64075911661642,3.75862044674983,5.7851096199089,4.25140869953541,4.98309463571787
"57",2020-02-21,"Spain",0,1,4019.94167480652,1311.51299217341,7880.32785758223,965.327986051249,374.965795971958,1714.08629853384,720.415609319068,1185.84628869006,0,0,0.244802972850507,0.0525085154065377,0.575869225435048,0.0852926122026149,0.0187348938784463,0.19888142307701,0.0485976345219578,0.108621285483437,4.64075911661642,3.75862044674983,5.7851096199089,4.25140869953541,4.98309463571787
"58",2020-02-22,"Spain",0,1,5289.47345210454,1836.56731264972,10058.9572324934,1269.53177729802,525.05432047631,2178.6293749112,970.999611004352,1528.15386828893,0,0,0.3635339300301,0.0793791118853467,0.849653880577028,0.118730957179593,0.026870596478809,0.27378465514198,0.0685888954107263,0.15112932681048,4.64075911661642,3.75862044674983,5.7851096199089,4.25140869953541,4.98309463571787
"59",2020-02-23,"Spain",0,1,6960.10717148459,2571.76770100834,12827.8818740902,1670.63371938005,735.200388358615,2768.92464159673,1308.93875655416,1977.89714314434,0,0,0.526001769539741,0.117512066710646,1.21914405927079,0.162467839509641,0.0381329548252993,0.369490178693761,0.0954436928028633,0.206647296522418,4.64075911661642,3.75862044674983,5.7851096199089,4.25140869953541,4.98309463571787
"60",2020-02-24,"Spain",0,1,9160.03232213045,3601.23181345918,16380.1286718616,2199.92515064586,1029.46411245084,3552.24679777144,1757.22177244914,2585.65527553099,0,0,0.745664128481176,0.171315061496654,1.71048612740413,0.219662358941435,0.0538029947860075,0.491342068133338,0.131603068708541,0.279102794774136,4.64075911661642,3.75862044674983,5.7851096199089,4.25140869953541,4.98309463571787
"61",2020-02-25,"Spain",1,2,12058.914339039,5042.75726990849,20949.4368202164,2898.88201690856,1441.52545644931,4569.30814835477,2360.64367190905,3393.04452097237,0,0,1.03995647662664,0.246917621501246,2.35632641336511,0.294292348145467,0.0756025600045926,0.645840285960979,0.180226589153902,0.373402696973229,4.64075911661642,3.75862044674983,5.7851096199089,4.25140869953541,4.98309463571787
"62",2020-02-26,"Spain",4,6,15881.453380045,7074.59417476131,26830.701518065,3822.53904100599,2031.83690485281,5881.26469784863,3168.82368072551,4467.60420970687,0,0,1.43175202371736,0.352929385374606,3.19793602959032,0.391795547090721,0.10601176387336,0.841609616225211,0.245730741834014,0.495344785280067,4.64075911661642,3.75862044674983,5.7851096199089,4.25140869953541,4.98309463571787
"63",2020-02-27,"Spain",5,11,20925.4411458384,9914.17179548272,34401.5708651729,5043.98776579342,2839.57762072141,7570.86934710793,4251.03087757438,5889.26222523544,0,0,1.95107515409052,0.501435819367569,4.28748557609095,0.519323130373154,0.148506433992963,1.08954954650063,0.334288964953491,0.655076666761418,4.64075911661642,3.75862044674983,5.7851096199089,4.25140869953541,4.98309463571787
"64",2020-02-28,"Spain",13,24,27585.8173263122,13872.2583201688,44148.6696483354,6660.37618047382,3958.08652468605,9747.09878316251,5717.2498575274,7740.3406059035,0,0,2.63726484914454,0.709305190630924,5.69096885030747,0.686189695054021,0.207869371263355,1.40348327421652,0.454072730038104,0.86520616850282,4.64075911661642,3.75862044674983,5.7851096199089,4.25140869953541,4.98309463571787
"65",2020-02-29,"Spain",9,33,36386.7387531404,19413.0317671032,56569.0987328896,8800.92142682811,5540.77344693447,12420.4290845542,7677.40942130035,10097.6162922357,0,0,3.54222114716902,1.00023304665723,7.49230302834425,0.904956298024483,0.290927856026303,1.80133417803678,0.616076766553047,1.13288252781319,4.64075911661642,3.75862044674983,5.7851096199089,4.25140869953541,4.98309463571787
"66",2020-03-01,"Spain",32,65,48024.3605821617,27169.4353063304,72538.3235444152,11637.6218290214,7756.40353922713,15969.2248115256,10419.7610672111,13089.4834190125,0,0,4.73424584161833,1.40739225648977,9.79792399363001,1.19202469444931,0.407159209832546,2.30562096528577,0.828428388614944,1.48454190835954,4.64075911661642,3.75862044674983,5.7851096199089,4.25140869953541,4.98309463571787
"67",2020-03-02,"Spain",17,82,63423.9500364227,38027.5717712882,92598.4988802097,15399.589454261,10858.1364649578,20060.1753357945,13883.4150426281,16929.718751212,0,0,6.30343308549181,1.9772579076316,12.7431570869742,1.56918724387347,0.569865651141829,2.94523309334414,1.12185973178155,1.94920186798531,4.64075911661642,3.75862044674983,5.7851096199089,4.25140869953541,4.98309463571787
"68",2020-03-03,"Spain",31,113,83816.1917279476,53107.1372151185,118447.031444156,20392.2416915249,15079.5654438304,25848.5325639466,18438.5797306723,22308.4737889104,0,0,8.36879483693721,2.77495195994883,16.5003097243015,2.06536175144541,0.797694052317224,3.75715263732732,1.5180837065412,2.54192493845692,4.64075911661642,3.75862044674983,5.7851096199089,4.25140869953541,4.98309463571787
"69",2020-03-04,"Spain",37,150,110839.210500129,73923.0123019559,152769.583535361,27023.0187721819,20815.8750868373,34322.5520912051,24260.7221140228,29512.0575824076,0,0,11.0870655035803,3.89157221402593,21.2875242504409,2.71827066664313,1.1166202540771,4.78721452613944,2.04688818473082,3.30654914300809,4.64075911661642,3.75862044674983,5.7851096199089,4.25140869953541,4.98309463571787
"70",2020-03-05,"Spain",49,199,146675.083282512,102158.452221934,198759.726591028,35835.872782383,28235.4399199778,45990.1430556664,31928.4470382961,38916.9162679169,1,1,14.6656087614765,5.45478503795171,27.3826074575953,3.57854325789618,1.56321282392578,6.09508320715442,2.76203716899015,4.26613450258941,4.64075911661642,3.75862044674983,5.7851096199089,4.25140869953541,4.98309463571787
"71",2020-03-06,"Spain",61,260,194232.638910729,139579.960857215,260494.07622607,47557.5556282163,37421.5086352817,61734.3496350422,42728.7484146265,51553.0782529524,2,3,19.3787827999168,7.64340093381916,35.1391942841599,4.71317403844024,2.18861589586745,7.75658682656458,3.70771802341348,5.5356996705153,4.64075911661642,3.75862044674983,5.7851096199089,4.25140869953541,4.98309463571787
"72",2020-03-07,"Spain",113,373,257392.429730952,188079.162876483,342211.663518773,63159.7908202237,48499.2020192678,81717.5872927029,56639.2342324037,68371.2799728266,2,5,25.5890947845918,10.7213041997358,45.0804923006354,6.21031198467506,3.07790326591662,9.94129801647546,4.98444232907592,7.23951733703514,4.64075911661642,3.75862044674983,5.7851096199089,4.25140869953541,4.98309463571787
"73",2020-03-08,"Spain",56,429,341335.274780099,250834.922171937,450611.664428548,83942.8450491466,62755.759295454,108400.000909775,74666.7597188063,91106.190747682,0,5,33.7769274788051,15.0482120976263,57.8715226497578,8.18783269421326,4.32690789789051,12.7910303491225,6.70616396662084,9.51868916945189,4.64075911661642,3.75862044674983,5.7851096199089,4.25140869953541,4.98309463571787
"74",2020-03-09,"Spain",159,588,439659.934578668,324222.638397041,576896.851965675,98324.6597985687,73387.7162251035,126285.187537126,86349.168337127,108555.405035572,0,5,44.5787968646562,21.0622526624245,74.3401774448501,10.8018693858511,6.01404056479824,16.4686547950923,8.97864275240225,12.5431386450518,4.11990953929196,2.89205725734579,5.59963328813867,3.64580283444344,4.488871597195
"75",2020-03-10,"Spain",615,1203,569607.328219346,418611.996236523,754631.778598761,129947.393640678,94389.3578394826,177734.926633086,112250.546664613,145543.863894605,23,28,58.8380730535802,29.4734776881128,95.5436137735536,14.2592761889241,8.41122502568833,21.2034363287035,12.0843335749804,16.4968316705918,4.11990953929196,2.89205725734579,5.59963328813867,3.64580283444344,4.488871597195
"76",2020-03-11,"Spain",435,1638,739373.197675894,535550.101610654,1006065.71627304,169765.869456548,116938.105374131,251433.937674284,144442.456901032,192046.030512404,7,35,77.6704953051411,41.2470210994065,122.836910854899,18.8324222515609,11.7735434112937,27.2932970813454,16.266002140003,21.6754406727682,4.11990953929196,2.89205725734579,5.59963328813867,3.64580283444344,4.488871597195
"77",2020-03-12,"Spain",501,2139,960235.815352444,677404.689807955,1357793.22567337,220862.61767655,141854.588197301,351727.509400327,180181.444314407,252725.246809609,12,47,102.541382956825,57.7233375260232,158.081479791682,24.8708876516843,16.4763164266167,35.2445689367827,22.1140951432812,28.2246865043649,4.11990953929196,2.89205725734579,5.59963328813867,3.64580283444344,4.488871597195
"78",2020-03-13,"Spain",864,3003,1207385.84678811,809018.03893695,1788454.0956906,247150.031435662,131613.349128995,430660.87001723,195433.74782535,289545.297367732,37,84,135.358404870324,80.7083263867256,203.097064969725,32.8170219134986,22.9849888607024,45.0155851780435,29.7501694029141,36.71997453401,3.55622236315231,2.17448323169747,4.96842925176378,3.10685439831076,4.00640254300824
"79",2020-03-14,"Spain",1227,4230,1316675.11814487,859740.831117116,1934911.91328971,109289.27135676,50722.7921801654,146457.817599108,98969.961673226,127207.703059437,37,121,178.59451141113,112.463780287399,259.518823014233,43.2361065408055,31.7554539006738,56.4217580445079,38.9958586501434,47.2623471544129,1.28950844388978,0.435254706488606,2.03734240283239,1.07646948356902,1.5227260766526
"80",2020-03-15,"Spain",1522,5752,1449726.2419679,923262.803475681,2110729.06623024,133051.123823033,63521.9723585648,175817.152940533,122206.947622649,153086.884486101,15,136,235.427693753913,156.218607662794,331.805189269143,56.8331823427833,43.7548273753946,72.28636625491,51.1232715092255,61.7378637187581,1.28950844388978,0.435254706488606,2.03734240283239,1.07646948356902,1.5227260766526
"81",2020-03-16,"Spain",2000,7752,1600255.36409531,993412.408781529,2313104.31214795,150529.122127413,70149.6053058484,202375.245917705,136823.361097258,175302.884713124,152,288,309.849042702024,215.708381474449,426.928119524454,74.421348948111,59.489773811655,95.1229302553108,66.6795826551769,81.1541078494458,1.28950844388978,0.435254706488606,2.03734240283239,1.07646948356902,1.5227260766526
"82",2020-03-17,"Spain",1438,9190,1763293.64846612,1064655.83341422,2540303.32764604,163038.284370805,71243.4246326888,227199.015498093,144734.369770241,192122.003509242,21,309,406.651758147426,294.069825863081,547.975752478501,96.8027154454021,78.3614443886323,121.047632954047,87.9494211817938,104.050044900144,1.28950844388978,0.435254706488606,2.03734240283239,1.07646948356902,1.5227260766526
"83",2020-03-18,"Spain",1987,11177,1936284.88496288,1133459.45968406,2794276.07742905,172991.236496757,68803.6262698424,253972.749783008,149479.974913349,205510.245726048,182,491,531.240801268964,394.463267005203,702.683243953937,124.589043121538,100.393441142122,154.707491475436,114.080604055262,134.276919727519,1.28950844388978,0.435254706488606,2.03734240283239,1.07646948356902,1.5227260766526
"84",2020-03-19,"Spain",2538,13715,2118378.442112,1197957.99080985,3076887.40858015,182093.557149123,64498.531125788,282611.331151103,153924.976204057,220951.614810556,107,598,689.447664544873,522.303334805531,897.137661419527,158.206863275909,127.840067800328,194.45441746559,145.481936995954,170.297483893687,1.28950844388978,0.435254706488606,2.03734240283239,1.07646948356902,1.5227260766526
"85",2020-03-20,"Spain",3431,17146,2309685.65710248,1257384.7439641,3391039.77072101,191307.214990482,59426.7531542506,314152.362140853,154900.601795157,236847.703680719,169,767,887.149020007453,683.177472236023,1139.34974646339,197.70135546258,160.874137430491,242.212085043868,180.671386334325,214.476739817462,1.28950844388978,0.435254706488606,2.03734240283239,1.07646948356902,1.5227260766526
"86",2020-03-21,"Spain",2833,19979,2510804.87575466,1311608.95983831,3740340.36089463,201119.218652182,54224.2158742121,349300.590173624,155389.104335987,252531.211376032,235,1002,1129.94882928997,879.438257093953,1435.0142038166,242.799809282515,196.26078485793,295.664457353205,222.484328386635,263.04675463323,1.28950844388978,0.435254706488606,2.03734240283239,1.07646948356902,1.5227260766526
"87",2020-03-22,"Spain",4946,24925,2722575.66422639,1360829.13387338,4129003.03374005,211770.788471731,49220.1740350674,388662.672845421,155789.581922964,269578.661781694,324,1326,1423.13017711322,1113.5471826812,1791.82528203596,293.181347823252,234.108925587242,356.811078219364,266.795982990585,317.079847554123,1.28950844388978,0.435254706488606,2.03734240283239,1.07646948356902,1.5227260766526
"88",2020-03-23,"Spain",3646,28571,2945971.70305251,1405391.24122167,4561538.15359859,223396.038826113,44562.1073482957,432535.119858535,157384.303161537,287655.138260126,394,1720,1771.19898902264,1390.6116800515,2217.05482003576,348.068811909416,277.064497370302,425.229537999795,318.550167604073,374.767969054167,1.28950844388978,0.435254706488606,2.03734240283239,1.07646948356902,1.5227260766526
"89",2020-03-24,"Spain",4517,33088,3182064.3519397,1445689.82980261,5042953.82312652,236092.648887194,40298.588580933,481415.66952794,159022.151361274,306620.343805498,462,2182,2178.18493916866,1714.15106962899,2714.14843511645,406.985950146026,323.539389577491,497.093615080693,375.943529410615,436.255744013812,1.28950844388978,0.435254706488606,2.03734240283239,1.07646948356902,1.5227260766526
"90",2020-03-25,"Spain",6584,39672,3432017.8883179,1482118.62020183,5578816.97350607,249953.536378197,36428.7903992232,535863.150379547,160567.224351968,326789.004170428,514,2696,2647.33059130033,2090.9302260387,3284.37129238601,469.145652131672,376.779156409714,570.222857269558,436.419554847436,500.875555891296,1.28950844388978,0.435254706488606,2.03734240283239,1.07646948356902,1.5227260766526
"91",2020-03-26,"Spain",7937,47609,3697097.39069503,1515034.97865735,6175323.37861276,265079.502377137,32916.3584555206,596506.405106686,164200.800478484,348293.923961094,738,3434,3181.0987377424,2522.28774062164,3926.52900036196,533.768146442066,431.357514582941,642.157707975946,501.905918234013,567.747649923654,1.28950844388978,0.435254706488606,2.03734240283239,1.07646948356902,1.5227260766526
"92",2020-03-27,"Spain",8578,56187,3978681.22194195,1544683.71812281,6841753.32771274,281583.831246917,29648.7394654633,666429.949099977,163992.707317579,371218.192218653,655,4089,3781.86170801514,3009.26457972273,4635.3204990863,600.762970272738,486.976839101084,708.791498724347,562.163089913557,634.843435919642,1.28950844388978,0.435254706488606,2.03734240283239,1.07646948356902,1.5227260766526
"93",2020-03-28,"Spain",7871,64058,4278275.2823122,1571392.41001853,7586994.19517206,299594.060370246,26708.691895715,745240.867459322,163837.81245909,395652.946233,769,4858,4451.21410794295,3554.87305134527,5419.13668839154,669.35239992781,545.608471622541,783.816189305233,632.35743766569,710.67339855851,1.28950844388978,0.435254706488606,2.03734240283239,1.07646948356902,1.5227260766526
"94",2020-03-29,"Spain",8189,72247,4597528.36680077,1595455.65411439,8420370.91325212,319253.084488578,24063.2440958593,833376.718080066,164592.513437452,421696.709246945,832,5690,5190.46569697916,4155.35203051874,6282.39936730593,739.251589036214,600.478979173474,863.262678914393,695.014020615303,785.59371959702,1.28950844388978,0.435254706488606,2.03734240283239,1.07646948356902,1.5227260766526
"95",2020-03-30,"Spain",6549,78796,4938248.72683837,1617137.99049823,9353841.87352128,340720.360037596,21682.3363838425,933470.960269162,167383.355997407,449455.123840964,838,6528,6000.6919872668,4801.61659833935,7245.52580067093,810.226290287643,646.264567820602,963.126433365,761.959174349405,862.227793672434,1.28950844388978,0.435254706488606,2.03734240283239,1.07646948356902,1.5227260766526
"96",2020-03-31,"Spain",6398,85194,5302422.14446211,1636676.95744012,10401372.5053917,364173.417623739,19538.9669418903,1047530.63187043,168674.814180195,478985.440319455,812,7340,6882.89685744526,5493.98389926964,8320.9944833796,882.204870178459,692.367300930295,1075.46868270868,824.892418057943,949.627906505224,1.28950844388978,0.435254706488606,2.03734240283239,1.07646948356902,1.5227260766526
"97",2020-04-01,"Spain",9222,94416,5692231.85297598,1654285.9563619,11576901.9398514,389809.70851387,17608.9989217777,1175529.43445968,169183.225206403,507918.328475766,849,8189,7838.28974279768,6217.47804563715,9494.46560666442,955.392885352421,723.494146367513,1173.47112328481,874.916283069082,1044.12823053997,1.28950844388978,0.435254706488606,2.03734240283239,1.07646948356902,1.5227260766526
"98",2020-04-02,"Spain",7719,102135,6110080.62632145,1670156.82262254,12896073.0938218,417848.773345467,15870.8662606419,1319171.15397045,169693.993800136,538320.398938683,864,9053,8867.94838302879,6967.15811849628,10791.4913449302,1029.65864023111,749.68007285913,1297.0257382658,925.612225559184,1127.24843487909,1.28950844388978,0.435254706488606,2.03734240283239,1.07646948356902,1.5227260766526
"99",2020-04-03,"Spain",8102,110237,6558615.35524882,1684462.09879626,14376440.9521426,448534.728927373,14305.2761737239,1480367.85832076,170364.960246631,570545.501883298,950,10003,9973.3216048903,7745.02554882084,12243.5628481835,1105.37322186151,777.86743032456,1452.0715032533,979.218365413644,1233.9428120901,1.28950844388978,0.435254706488606,2.03734240283239,1.07646948356902,1.5227260766526
"100",2020-04-04,"Spain",7472,117709,7040754.44052788,1697357.04058897,16037706.3199589,482139.085279059,12894.9417927072,1661265.36781634,171317.670671839,604703.169046206,932,10935,11156.2334694579,8531.37452487571,13874.8532778174,1182.91186456762,786.348976054872,1631.29042963386,1033.54311526274,1329.90804485514,1.28950844388978,0.435254706488606,2.03734240283239,1.07646948356902,1.5227260766526
"101",2020-02-18,"Sweden",0,0,30.3041942773449,4.07603549773795,94.6446425828702,30.3041942773449,4.07603549773795,94.6446425828702,14.2352424389265,38.7691527590697,0,0,1e-09,1e-09,1e-09,1e-09,1e-09,1e-09,1e-09,1e-09,4.17263051208074,2.96675431746586,6.0715555426809,3.60791031275797,4.57109399436137
"102",2020-02-19,"Sweden",0,0,60.6083885546897,8.1520709954759,189.28928516574,30.3041942773449,4.07603549773795,94.6446425828702,14.2352424389265,38.7691527590697,0,0,4.84073100136299e-07,6.59752666623411e-08,1.50971131848502e-06,4.83073100136299e-07,6.49752666623411e-08,1.50871131848502e-06,2.26921152670439e-07,6.18011310301779e-07,4.17263051208074,2.96675431746586,6.0715555426809,3.60791031275797,4.57109399436137
"103",2020-02-20,"Sweden",0,0,90.9125828320346,12.2281064932138,283.933927748611,30.3041942773449,4.07603549773795,94.6446425828702,14.2352424389265,38.7691527590697,0,0,9.60878721382194e-06,1.29328585917323e-06,3.00075917787576e-05,9.12471411368565e-06,1.22731059251089e-06,2.84978804602725e-05,4.28628843933051e-06,1.16735469723669e-05,4.17263051208074,2.96675431746586,6.0715555426809,3.60791031275797,4.57109399436137
"104",2020-02-21,"Sweden",0,0,121.216777109379,16.3041419909518,378.578570331481,30.3041942773449,4.07603549773795,94.6446425828702,14.2352424389265,38.7691527590697,0,0,6.72018357078496e-05,9.039781540139e-06,0.00020987950786036,5.75930484940276e-05,7.74649568096577e-06,0.000179871916081603,2.70540440905979e-05,7.36806817726454e-05,4.17263051208074,2.96675431746586,6.0715555426809,3.60791031275797,4.57109399436137
"105",2020-02-22,"Sweden",0,0,151.520971386724,20.3801774886897,473.223212914351,30.3041942773449,4.07603549773795,94.6446425828702,14.2352424389265,38.7691527590697,0,0,0.000291777152482325,3.9246061064054e-05,0.00091126263636495,0.000224575316774475,3.0206279523915e-05,0.00070138312850459,0.000105493122530346,0.00028730659136696,4.17263051208074,2.96675431746586,6.0715555426809,3.60791031275797,4.57109399436137
"106",2020-02-23,"Sweden",0,0,181.825165664069,24.4562129864277,567.867855497221,30.3041942773449,4.07603549773795,94.6446425828702,14.2352424389265,38.7691527590697,0,0,0.000931419611851688,0.000125280533599067,0.00290896405663005,0.000639642459369364,8.60344725350132e-05,0.0019977014202651,0.000300468819597069,0.000818315642762922,4.17263051208074,2.96675431746586,6.0715555426809,3.60791031275797,4.57109399436137
"107",2020-02-24,"Sweden",0,0,241.087505617903,37.6221375452395,723.124037007158,59.2623399538334,13.1659245588118,155.256181509936,34.1475193991671,78.2905293306564,0,0,0.00240366539670042,0.000323303487963662,0.00750701325159956,0.00147224578484873,0.000198022954364595,0.0045980491949695,0.000691580032955274,0.00188349247002972,4.17263051208074,2.96675431746586,6.0715555426809,3.60791031275797,4.57109399436137
"108",2020-02-25,"Sweden",0,0,313.128131309198,54.1749684866994,909.898446521848,72.0406256912952,16.55283094146,186.774409514691,42.0421230379927,94.6645495227348,0,0,0.00530680592185023,0.000713870326493067,0.0165734292186789,0.00290314052514981,0.000390566838529405,0.0090664159670793,0.001363827686669,0.00371406317686295,4.17263051208074,2.96675431746586,6.0715555426809,3.60791031275797,4.57109399436137
"109",2020-02-26,"Sweden",0,0,402.651959947816,76.7803695865414,1134.80058489806,89.5238286386184,22.605401099842,224.902138376216,54.3880318615262,115.764588802077,0,0,0.0104560562152047,0.00140805591152607,0.0326450372187612,0.00514925029335451,0.000694185585033008,0.0160716080000824,0.00242059950764663,0.00658721953419596,4.17263051208074,2.96675431746586,6.0715555426809,3.60791031275797,4.57109399436137
"110",2020-02-27,"Sweden",1,1,515.657666990008,108.400737053707,1407.18906639896,113.005707042192,31.6203674671658,272.388481500899,70.8003126666355,143.082170294402,0,0,0.0188654579753429,0.00254958831884374,0.0588417508853696,0.0084094017601382,0.00114153240731767,0.0261967136666084,0.00396179578350564,0.0107558718509848,4.17263051208074,2.96675431746586,6.0715555426809,3.60791031275797,4.57109399436137
"111",2020-02-28,"Sweden",5,6,659.200297900779,152.834561087478,1734.54491886322,143.54263091077,44.4338240337711,327.355852464255,94.310876024226,177.606819390331,0,0,0.0317582847931866,0.00432660572165343,0.0988344830481768,0.0128928268178437,0.00177701740280969,0.0399927321628072,0.00610331614344456,0.0164835814369121,4.17263051208074,2.96675431746586,6.0715555426809,3.60791031275797,4.57109399436137
"112",2020-02-29,"Sweden",5,11,841.991018228647,215.266174915829,2126.69668594572,182.790720327868,62.4316138283507,392.151767082504,124.124190311228,223.48962577164,0,0,0.0506191098718743,0.00699450694819927,0.156914359438665,0.0188608250786877,0.00266790122654584,0.0580798763904883,0.0090016605062569,0.0240961238099016,4.17263051208074,2.96675431746586,6.0715555426809,3.60791031275797,4.57109399436137
"113",2020-03-01,"Sweden",1,12,1075.13601915655,302.947169654878,2597.1070468807,233.145000927903,87.6809947390487,470.410360934981,160.704537052851,278.81122360782,0,0,0.0772413176760039,0.010905005045354,0.23801856332466,0.0266222078041296,0.00391049809715475,0.0811042038859947,0.0128569734933641,0.033973134320829,4.17263051208074,2.96675431746586,6.0715555426809,3.60791031275797,4.57109399436137
"114",2020-03-02,"Sweden",1,13,1372.96013084761,426.072882528051,3163.96096995863,297.824111691064,123.125712873173,566.853923077923,213.755495011059,351.844592894515,0,0,0.113801978856618,0.0165469096527099,0.347816310236601,0.0365606611806141,0.00564190460735587,0.109797746911941,0.0179305509820738,0.0465796965918339,4.17263051208074,2.96675431746586,6.0715555426809,3.60791031275797,4.57109399436137
"115",2020-03-03,"Sweden",1,14,1754.00515998751,595.62023560944,3882.41221515495,381.045029139894,169.547353081389,718.45124519632,280.786223856221,447.000744978956,0,0,0.162995600106131,0.0246153502661622,0.492934194525347,0.049193621249513,0.00806844061345235,0.145117884288746,0.0246321251752348,0.0625345333308828,4.17263051208074,2.96675431746586,6.0715555426809,3.60791031275797,4.57109399436137
"116",2020-03-04,"Sweden",9,23,2242.31023052769,826.487666523941,4763.95508545528,488.305070540182,230.867430914501,881.542870300331,370.217727922573,574.721455955606,0,0,0.228215587091964,0.0360999707799628,0.681742871659518,0.0652199869858331,0.0114846205138006,0.188808677134171,0.0334663846425203,0.0841405040290159,4.17263051208074,2.96675431746586,6.0715555426809,3.60791031275797,4.57109399436137
"117",2020-03-05,"Sweden",11,34,2869.08645881926,1145.99488476422,5844.7011097479,626.776228291572,319.507218240277,1080.74602429263,479.13175448378,749.930003107391,0,0,0.313692702700669,0.0523992174937958,0.923809582906023,0.0854771156087046,0.016299246713833,0.242066711246506,0.0450793473134924,0.112400545755221,4.17263051208074,2.96675431746586,6.0715555426809,3.60791031275797,4.57109399436137
"118",2020-03-06,"Sweden",26,60,3674.91859913956,1595.78705853108,7256.26334428616,805.832140320299,449.792173766858,1411.56223453825,630.028185610618,955.858213567905,0,0,0.424776371713703,0.0755004703871418,1.23058304859244,0.111083669013035,0.023101252893346,0.306773465686415,0.0603546742194292,0.148134017955902,4.17263051208074,2.96675431746586,6.0715555426809,3.60791031275797,4.57109399436137
"119",2020-03-07,"Sweden",76,136,4712.66426646097,2237.13600272984,9036.83186215819,1037.74566732141,641.348944198761,1780.56851787204,806.620425955838,1200.76709803188,0,0,0.568171534018889,0.108212265484705,1.61555911493135,0.143395162305186,0.0327117950975636,0.384976066338916,0.0807738042950204,0.189451547203499,4.17263051208074,2.96675431746586,6.0715555426809,3.60791031275797,4.57109399436137
"120",2020-03-08,"Sweden",24,160,6051.2767996617,3124.15398577428,11305.9966932226,1338.61253320073,887.017983044444,2269.16483106442,1053.81468825212,1523.16662688968,0,0,0.752527350921276,0.154208834703049,2.09532645877639,0.184355816902387,0.0459965692183432,0.479767343845036,0.108317324727846,0.239848301625931,4.17263051208074,2.96675431746586,6.0715555426809,3.60791031275797,4.57109399436137
"121",2020-03-09,"Sweden",42,202,7780.85339623456,4269.95402344246,14322.8924586192,1729.57659657286,1145.80003766818,3016.8957653966,1371.26428787957,1929.90379668683,0,0,0.988870252772047,0.218747336050695,2.68986625099409,0.23634290185077,0.0645385013476468,0.594539792217702,0.143001223958835,0.302242736721634,4.17263051208074,2.96675431746586,6.0715555426809,3.60791031275797,4.57109399436137
"122",2020-03-10,"Sweden",45,247,9677.36579282707,5629.39223591161,17154.5662686748,1896.51239659251,1359.43821246915,2831.67381005563,1597.89920959003,2150.50327778246,0,0,1.29138589964079,0.309319760111467,3.42352564067275,0.302515646868741,0.0905724240607714,0.733659389678657,0.190043893277633,0.379585516456689,3.59469147879222,2.43353846610413,4.93973173903652,3.22813645506788,3.96386546932605
"123",2020-03-11,"Sweden",78,325,12108.057178573,7401.8908028984,20757.9204784981,2430.69138574593,1772.49856698679,3603.35420982321,2057.08055013517,2759.76563513268,0,0,1.67821124717661,0.436430142086328,4.32562614503924,0.386825347535826,0.127110381974861,0.902100504366495,0.2526851937625,0.475374084100733,3.59469147879222,2.43353846610413,4.93973173903652,3.22813645506788,3.96386546932605
"124",2020-03-12,"Sweden",136,461,14916.9983967186,9502.64272752543,24528.0828941553,2808.9412181456,2100.75192462703,3770.16241565729,2428.78295833855,3040.60750934808,1,1,2.17266215631369,0.614760213712232,5.43173085264171,0.494450909137082,0.178330071625904,1.10610470760246,0.331185309521035,0.602432813380927,3.31000230583178,2.24632666456354,4.41629056227479,2.96779081486672,3.69066065659912
"125",2020-03-13,"Sweden",158,619,18423.7298344275,12175.0958674401,29253.6405716566,3506.73143770893,2672.45313991466,4725.55767750129,3027.87689427547,3845.46340340929,0,1,2.80431150387743,0.864552674315504,6.76584942130308,0.631649347563732,0.249792460603272,1.33411856866137,0.430228201874573,0.753781793606762,3.31000230583178,2.24632666456354,4.41629056227479,2.96779081486672,3.69066065659912
"126",2020-03-14,"Sweden",155,774,22762.0034920008,15515.7085731027,35451.6527096499,4338.27365757325,3340.61270566262,6198.01213799332,3793.56673022857,4727.95517007474,0,1,3.61056689753989,1.2074488353511,8.37505469930508,0.806255393662459,0.342896161035601,1.609205278002,0.570729258534459,0.952441792579998,3.31000230583178,2.24632666456354,4.41629056227479,2.96779081486672,3.69066065659912
"127",2020-03-15,"Sweden",149,923,28112.4730719605,19561.8981731714,43140.4084586737,5350.4695799597,4046.18960006871,7688.75574902374,4695.04798826664,5770.6703630071,0,1,4.63782231972901,1.674684845193,10.3135302164376,1.02725542218912,0.467236009841899,1.93847551713256,0.749501233272427,1.19596652330792,3.31000230583178,2.24632666456354,4.41629056227479,2.96779081486672,3.69066065659912
"128",2020-03-16,"Sweden",108,1031,34219.6781087217,23980.7919320503,51356.6809413142,6107.2050367612,4418.89375887889,8216.27248264056,5400.78549835283,6618.60803578571,2,3,5.94304361942119,2.32064592552856,12.7222841986554,1.30522129969219,0.645961080335552,2.40875398221778,0.972554304386511,1.51614827388918,3.07418659254561,2.10876800907413,4.05901924022842,2.71572573236461,3.41661153404146
"129",2020-03-17,"Sweden",89,1120,41726.7486775779,29334.3303142524,61751.040922938,7507.07056885622,5353.5383822021,10394.3599816237,6661.7998838058,8191.10435319594,4,7,7.59576667649236,3.18806226145781,15.6938789734136,1.65272305707116,0.867416335929258,2.97159477475814,1.25489132409933,1.92969186368191,3.07418659254561,2.10876800907413,4.05901924022842,2.71572573236461,3.41661153404146
"130",2020-03-18,"Sweden",46,1166,49518.7120844723,35167.0428004343,71970.5734059647,7791.96340689442,5832.71248618187,10219.5324830267,6874.41565442498,8500.42881079148,1,8,9.68020505312588,4.36928455881813,19.2943848333859,2.08443837663352,1.18122229736032,3.60050585997233,1.60736262383612,2.43425680686235,2.63449169441471,1.81150631763238,3.64058299281339,2.30955797617641,2.98748420060586
"131",2020-03-19,"Sweden",134,1300,58939.59501764,41866.2280070422,84519.525402149,9420.88293316766,6699.18520660797,12548.9519961843,8331.00668814191,10266.8446499414,2,10,12.2980755773929,5.94932294883345,23.648324676439,2.617870524267,1.58003839001531,4.35393984305313,2.04425619294528,3.07189346206655,2.63449169441471,1.81150631763238,3.64058299281339,2.30955797617641,2.98748420060586
"132",2020-03-20,"Sweden",122,1422,70179.9068015118,49510.7648362709,100055.254037365,11240.3117838719,7644.53682922861,15535.7286352161,9662.70456859304,12467.829410978,0,10,15.5715816876503,8.04152161864942,28.905072759407,3.27350611025746,2.09219866981597,5.25674808296801,2.6391502003512,3.79594861860088,2.63449169441471,1.81150631763238,3.64058299281339,2.30955797617641,2.98748420060586
"133",2020-03-21,"Sweden",200,1622,83508.6250342452,58208.2911822009,119275.808424858,13328.7182327334,8697.52634593,19220.5543874927,10968.4301563975,15061.1672086366,6,16,19.6459709357681,10.7855321724784,35.3100288425077,4.07438924811776,2.744010553829,6.40495608310069,3.34913859943486,4.69609362060415,2.63449169441471,1.81150631763238,3.64058299281339,2.30955797617641,2.98748420060586
"134",2020-03-22,"Sweden",123,1745,99292.3036599891,67937.201078936,143164.032205198,15783.6786257439,9728.90989673518,23888.2237803407,12593.9693245383,17932.2917964751,4,20,24.6920602153553,14.332970920212,43.0624106811061,5.04608927958719,3.54743874773357,7.75238183859835,4.2071195933805,5.70501947262837,2.63449169441471,1.81150631763238,3.64058299281339,2.30955797617641,2.98748420060586
"135",2020-03-23,"Sweden",160,1905,117994.773705094,78796.6735386971,173191.456359431,18702.4700451049,10859.472459761,30027.4241542323,14180.674058799,21714.8308858045,1,21,30.9089270877342,18.8641750001089,52.3059755535331,6.21686687237886,4.53120407989695,9.24356487242701,5.27710818688652,6.87821981189996,2.63449169441471,1.81150631763238,3.64058299281339,2.30955797617641,2.98748420060586
"136",2020-03-24,"Sweden",110,2015,140183.044392714,90722.0997472278,211034.921692003,22188.2706876197,11925.4262085307,37843.465332572,15953.8370424014,26440.3851065993,4,25,38.5271068176328,24.6065919589156,63.2797562893183,7.61817972989862,5.74241695880663,10.9737807357852,6.54051551469853,8.37029413919708,2.63449169441471,1.81150631763238,3.64058299281339,2.30955797617641,2.98748420060586
"137",2020-03-25,"Sweden",256,2271,166542.151907416,103749.352136172,258729.649133296,26359.1075147019,13027.2523889445,47694.7274412937,18538.3825859745,31744.1027047543,11,36,47.8134020153076,31.7301927901398,76.1974693927827,9.28629519767484,7.12360083122426,12.9177131034644,8.04579532854046,10.0513597542684,2.63449169441471,1.81150631763238,3.64058299281339,2.30955797617641,2.98748420060586
"138",2020-03-26,"Sweden",238,2509,197897.639963206,117961.842808356,318840.536755429,31355.4880557908,14212.4906721838,60110.8876221328,21598.6268611868,37828.7214298858,6,42,59.0764412893084,40.4962910447986,91.1391531594912,11.2630392740008,8.76609825465872,14.9416837667085,9.87436675600543,12.2389828271539,2.63449169441471,1.81150631763238,3.64058299281339,2.30955797617641,2.98748420060586
"139",2020-03-27,"Sweden",296,2805,235244.794622785,133476.437392988,394600.094519687,37347.1546595782,15514.5945846315,75759.5577642581,24795.053866407,45204.7200744159,24,66,72.67459849402,51.107525493302,108.614375709564,13.5981572047116,10.6112344485035,17.4752225500724,12.1381904125321,14.8362688483188,2.63449169441471,1.81150631763238,3.64058299281339,2.30955797617641,2.98748420060586
"140",2020-03-28,"Sweden",240,3045,279784.844040622,150421.880315493,490082.34373641,44540.0494178374,16945.4429225057,95482.2492167226,28698.8215997764,54486.979236513,26,92,89.0276777311946,63.688315422381,129.537819214115,16.3530792371745,12.580789929079,20.9234435045515,14.6523195824559,17.5418111236641,2.63449169441471,1.81150631763238,3.64058299281339,2.30955797617641,2.98748420060586
"141",2020-03-29,"Sweden",401,3446,332969.186869765,168940.014362838,610421.963027645,53184.3428291432,18518.1340473447,120339.619291235,33179.5719052897,65643.9195491725,10,102,108.626965689693,78.7361829624338,154.330231956586,19.599287958498,15.0478675400528,24.7924127424706,17.6225017521584,21.217428918572,2.63449169441471,1.81150631763238,3.64058299281339,2.30955797617641,2.98748420060586
"142",2020-03-30,"Sweden",253,3699,396553.318362687,189187.302174414,762090.464274626,63584.1314929219,20247.2878115757,151668.501246982,37996.2734769534,79092.1121647499,8,110,132.052659897728,96.7845422451053,184.142475373036,23.4256942080352,18.0483592826714,29.8122434164498,21.0479858585199,25.1877646772735,2.63449169441471,1.81150631763238,3.64058299281339,2.30955797617641,2.98748420060586
"143",2020-03-31,"Sweden",328,4027,472662.62884979,211336.516959879,953244.263194683,76109.3104871028,22149.2147854652,191153.798920057,43415.4021457301,95303.390480546,36,146,159.990001439766,117.924469497703,219.732916969166,27.9373415420387,21.1399272525973,35.5904415961307,25.2739369487018,29.8650281680521,2.63449169441471,1.81150631763238,3.64058299281339,2.30955797617641,2.98748420060586
"144",2020-04-01,"Sweden",407,4434,563872.774900335,235578.58639736,1194163.37448463,91210.1460505447,24242.0694374814,240919.111289949,49682.4496999919,114218.482962365,34,180,193.254226964959,142.654998124049,262.535318154963,33.2642255251927,24.730528626346,42.8024011857964,29.6939694179965,35.3239923119313,2.63449169441471,1.81150631763238,3.64058299281339,2.30955797617641,2.98748420060586
"145",2020-04-02,"Sweden",512,4946,673307.942385798,262124.612888078,1497804.33300643,109435.167485464,26546.0264907173,303640.958521797,56734.8939568231,136213.058654592,59,239,232.814153835819,171.190682902227,314.747268385358,39.5599268708603,28.5356847781781,52.2119502303957,35.1588738237702,42.7081605327284,2.63449169441471,1.81150631763238,3.64058299281339,2.30955797617641,2.98748420060586
"146",2020-04-03,"Sweden",519,5465,804761.080107856,291208.102638428,1880497.08539015,131453.137722058,29083.4897503497,382692.752383724,64930.6934513227,162987.585698233,43,282,279.82965537183,204.162968903438,379.542456531588,47.01550153601,32.9722860012113,64.7951881462292,41.0290102618134,51.2704480949241,2.63449169441471,1.81150631763238,3.64058299281339,2.30955797617641,2.98748420060586
"147",2020-04-04,"Sweden",612,6077,962841.122294553,323029.114921915,2362823.34088783,158080.042186696,31821.0122834876,482326.255497672,74542.9373676465,196797.848298877,51,333,335.685448925181,241.838430290286,460.402664873294,55.8557935533516,37.6754613868485,80.8602083417067,47.3335394665731,62.2725411064499,2.63449169441471,1.81150631763238,3.64058299281339,2.30955797617641,2.98748420060586
